uuid,Keywords,label
0,tmp,1
1,tmp,1
2,tmp,0
3,tmp,1
4,tmp,1
5,tmp,1
6,tmp,1
7,tmp,1
8,tmp,0
9,tmp,1
10,tmp,1
11,tmp,0
12,tmp,0
13,tmp,0
14,tmp,1
15,tmp,0
16,tmp,0
17,tmp,1
18,tmp,1
19,tmp,0
20,tmp,1
21,tmp,1
22,tmp,0
23,tmp,0
24,tmp,1
25,tmp,1
26,tmp,1
27,tmp,1
28,tmp,1
29,tmp,1
30,tmp,1
31,tmp,1
32,tmp,1
33,tmp,1
34,tmp,0
35,tmp,0
36,tmp,0
37,tmp,0
38,tmp,1
39,tmp,0
40,tmp,1
41,tmp,0
42,tmp,1
43,tmp,0
44,tmp,0
45,tmp,1
46,tmp,0
47,tmp,1
48,tmp,0
49,tmp,1
50,tmp,0
51,tmp,0
52,tmp,0
53,tmp,1
54,tmp,0
55,tmp,1
56,tmp,0
57,tmp,1
58,tmp,1
59,tmp,1
60,tmp,1
61,tmp,1
62,tmp,1
63,tmp,0
64,tmp,1
65,tmp,0
66,tmp,0
67,tmp,1
68,tmp,0
69,tmp,1
70,tmp,0
71,tmp,1
72,tmp,1
73,tmp,1
74,tmp,1
75,tmp,1
76,tmp,1
77,tmp,0
78,tmp,1
79,tmp,0
80,tmp,0
81,tmp,0
82,tmp,1
83,tmp,0
84,tmp,0
85,tmp,1
86,tmp,1
87,tmp,1
88,tmp,0
89,tmp,0
90,tmp,1
91,tmp,1
92,tmp,0
93,tmp,1
94,tmp,1
95,tmp,1
96,tmp,1
97,tmp,0
98,tmp,1
99,tmp,1
100,tmp,1
101,tmp,1
102,tmp,0
103,tmp,1
104,tmp,1
105,tmp,1
106,tmp,1
107,tmp,1
108,tmp,1
109,tmp,0
110,tmp,0
111,tmp,0
112,tmp,0
113,tmp,1
114,tmp,1
115,tmp,0
116,tmp,0
117,tmp,1
118,tmp,0
119,tmp,1
120,tmp,1
121,tmp,0
122,tmp,1
123,tmp,1
124,tmp,0
125,tmp,1
126,tmp,0
127,tmp,1
128,tmp,1
129,tmp,0
130,tmp,0
131,tmp,1
132,tmp,1
133,tmp,0
134,tmp,1
135,tmp,1
136,tmp,0
137,tmp,1
138,tmp,1
139,tmp,1
140,tmp,1
141,tmp,0
142,tmp,0
143,tmp,0
144,tmp,0
145,tmp,1
146,tmp,0
147,tmp,1
148,tmp,0
149,tmp,0
150,tmp,0
151,tmp,0
152,tmp,0
153,tmp,1
154,tmp,1
155,tmp,0
156,tmp,1
157,tmp,0
158,tmp,1
159,tmp,0
160,tmp,1
161,tmp,1
162,tmp,1
163,tmp,0
164,tmp,1
165,tmp,0
166,tmp,0
167,tmp,0
168,tmp,1
169,tmp,1
170,tmp,1
171,tmp,1
172,tmp,0
173,tmp,0
174,tmp,1
175,tmp,0
176,tmp,1
177,tmp,0
178,tmp,1
179,tmp,0
180,tmp,1
181,tmp,0
182,tmp,0
183,tmp,1
184,tmp,1
185,tmp,0
186,tmp,0
187,tmp,1
188,tmp,1
189,tmp,1
190,tmp,0
191,tmp,1
192,tmp,1
193,tmp,1
194,tmp,0
195,tmp,0
196,tmp,0
197,tmp,1
198,tmp,0
199,tmp,0
200,tmp,1
201,tmp,0
202,tmp,0
203,tmp,1
204,tmp,1
205,tmp,1
206,tmp,0
207,tmp,0
208,tmp,1
209,tmp,1
210,tmp,1
211,tmp,1
212,tmp,1
213,tmp,1
214,tmp,1
215,tmp,0
216,tmp,1
217,tmp,0
218,tmp,0
219,tmp,1
220,tmp,1
221,tmp,1
222,tmp,0
223,tmp,0
224,tmp,0
225,tmp,1
226,tmp,0
227,tmp,0
228,tmp,1
229,tmp,1
230,tmp,0
231,tmp,0
232,tmp,1
233,tmp,1
234,tmp,0
235,tmp,0
236,tmp,0
237,tmp,1
238,tmp,1
239,tmp,1
240,tmp,0
241,tmp,1
242,tmp,1
243,tmp,1
244,tmp,0
245,tmp,1
246,tmp,0
247,tmp,1
248,tmp,0
249,tmp,1
250,tmp,0
251,tmp,1
252,tmp,1
253,tmp,0
254,tmp,1
255,tmp,1
256,tmp,0
257,tmp,0
258,tmp,0
259,tmp,0
260,tmp,0
261,tmp,0
262,tmp,1
263,tmp,0
264,tmp,1
265,tmp,1
266,tmp,1
267,tmp,0
268,tmp,0
269,tmp,1
270,tmp,1
271,tmp,0
272,tmp,0
273,tmp,1
274,tmp,1
275,tmp,0
276,tmp,1
277,tmp,0
278,tmp,1
279,tmp,1
280,tmp,1
281,tmp,0
282,tmp,1
283,tmp,1
284,tmp,0
285,tmp,1
286,tmp,1
287,tmp,0
288,tmp,1
289,tmp,1
290,tmp,1
291,tmp,1
292,tmp,1
293,tmp,1
294,tmp,0
295,tmp,1
296,tmp,0
297,tmp,0
298,tmp,1
299,tmp,0
300,tmp,0
301,tmp,1
302,tmp,0
303,tmp,0
304,tmp,1
305,tmp,0
306,tmp,0
307,tmp,0
308,tmp,1
309,tmp,1
310,tmp,0
311,tmp,1
312,tmp,1
313,tmp,1
314,tmp,0
315,tmp,0
316,tmp,0
317,tmp,0
318,tmp,0
319,tmp,1
320,tmp,0
321,tmp,0
322,tmp,0
323,tmp,1
324,tmp,1
325,tmp,1
326,tmp,0
327,tmp,1
328,tmp,1
329,tmp,1
330,tmp,1
331,tmp,0
332,tmp,0
333,tmp,0
334,tmp,1
335,tmp,0
336,tmp,0
337,tmp,0
338,tmp,0
339,tmp,0
340,tmp,0
341,tmp,1
342,tmp,0
343,tmp,1
344,tmp,0
345,tmp,1
346,tmp,0
347,tmp,1
348,tmp,0
349,tmp,0
350,tmp,1
351,tmp,0
352,tmp,1
353,tmp,1
354,tmp,1
355,tmp,0
356,tmp,0
357,tmp,0
358,tmp,1
359,tmp,0
360,tmp,0
361,tmp,1
362,tmp,0
363,tmp,0
364,tmp,1
365,tmp,1
366,tmp,0
367,tmp,1
368,tmp,1
369,tmp,0
370,tmp,0
371,tmp,0
372,tmp,0
373,tmp,0
374,tmp,1
375,tmp,1
376,tmp,0
377,tmp,1
378,tmp,1
379,tmp,1
380,tmp,1
381,tmp,1
382,tmp,1
383,tmp,0
384,tmp,0
385,tmp,0
386,tmp,1
387,tmp,1
388,tmp,0
389,tmp,0
390,tmp,1
391,tmp,1
392,tmp,1
393,tmp,0
394,tmp,0
395,tmp,1
396,tmp,0
397,tmp,0
398,tmp,1
399,tmp,0
400,tmp,1
401,tmp,0
402,tmp,1
403,tmp,1
404,tmp,0
405,tmp,1
406,tmp,0
407,tmp,1
408,tmp,1
409,tmp,0
410,tmp,0
411,tmp,0
412,tmp,1
413,tmp,0
414,tmp,0
415,tmp,1
416,tmp,0
417,tmp,1
418,tmp,1
419,tmp,1
420,tmp,0
421,tmp,1
422,tmp,1
423,tmp,0
424,tmp,1
425,tmp,0
426,tmp,0
427,tmp,0
428,tmp,1
429,tmp,0
430,tmp,1
431,tmp,0
432,tmp,1
433,tmp,1
434,tmp,0
435,tmp,0
436,tmp,0
437,tmp,1
438,tmp,1
439,tmp,0
440,tmp,0
441,tmp,1
442,tmp,0
443,tmp,1
444,tmp,0
445,tmp,0
446,tmp,0
447,tmp,1
448,tmp,1
449,tmp,1
450,tmp,0
451,tmp,1
452,tmp,0
453,tmp,1
454,tmp,0
455,tmp,1
456,tmp,1
457,tmp,0
458,tmp,0
459,tmp,0
460,tmp,0
461,tmp,1
462,tmp,0
463,tmp,0
464,tmp,0
465,tmp,1
466,tmp,0
467,tmp,1
468,tmp,0
469,tmp,1
470,tmp,1
471,tmp,0
472,tmp,1
473,tmp,1
474,tmp,0
475,tmp,0
476,tmp,0
477,tmp,0
478,tmp,1
479,tmp,0
480,tmp,0
481,tmp,1
482,tmp,1
483,tmp,0
484,tmp,1
485,tmp,0
486,tmp,0
487,tmp,1
488,tmp,0
489,tmp,1
490,tmp,1
491,tmp,0
492,tmp,0
493,tmp,0
494,tmp,1
495,tmp,1
496,tmp,0
497,tmp,0
498,tmp,0
499,tmp,0
500,tmp,1
501,tmp,1
502,tmp,0
503,tmp,0
504,tmp,1
505,tmp,0
506,tmp,0
507,tmp,1
508,tmp,0
509,tmp,1
510,tmp,0
511,tmp,0
512,tmp,0
513,tmp,0
514,tmp,0
515,tmp,0
516,tmp,1
517,tmp,0
518,tmp,1
519,tmp,0
520,tmp,0
521,tmp,1
522,tmp,1
523,tmp,0
524,tmp,1
525,tmp,1
526,tmp,1
527,tmp,0
528,tmp,0
529,tmp,0
530,tmp,0
531,tmp,0
532,tmp,1
533,tmp,1
534,tmp,1
535,tmp,1
536,tmp,0
537,tmp,0
538,tmp,0
539,tmp,1
540,tmp,0
541,tmp,0
542,tmp,1
543,tmp,0
544,tmp,0
545,tmp,1
546,tmp,0
547,tmp,0
548,tmp,1
549,tmp,0
550,tmp,1
551,tmp,0
552,tmp,0
553,tmp,0
554,tmp,1
555,tmp,0
556,tmp,1
557,tmp,0
558,tmp,0
559,tmp,1
560,tmp,0
561,tmp,1
562,tmp,0
563,tmp,1
564,tmp,1
565,tmp,1
566,tmp,1
567,tmp,0
568,tmp,0
569,tmp,1
570,tmp,1
571,tmp,0
572,tmp,0
573,tmp,0
574,tmp,1
575,tmp,0
576,tmp,1
577,tmp,1
578,tmp,1
579,tmp,1
580,tmp,1
581,tmp,0
582,tmp,0
583,tmp,0
584,tmp,0
585,tmp,1
586,tmp,0
587,tmp,1
588,tmp,0
589,tmp,1
590,tmp,1
591,tmp,1
592,tmp,0
593,tmp,1
594,tmp,1
595,tmp,1
596,tmp,1
597,tmp,1
598,tmp,0
599,tmp,1
600,tmp,1
601,tmp,1
602,tmp,0
603,tmp,0
604,tmp,1
605,tmp,1
606,tmp,1
607,tmp,1
608,tmp,1
609,tmp,0
610,tmp,1
611,tmp,0
612,tmp,0
613,tmp,1
614,tmp,0
615,tmp,1
616,tmp,0
617,tmp,0
618,tmp,1
619,tmp,1
620,tmp,1
621,tmp,1
622,tmp,1
623,tmp,1
624,tmp,0
625,tmp,1
626,tmp,0
627,tmp,0
628,tmp,0
629,tmp,0
630,tmp,1
631,tmp,1
632,tmp,1
633,tmp,0
634,tmp,1
635,tmp,1
636,tmp,1
637,tmp,0
638,tmp,1
639,tmp,1
640,tmp,0
641,tmp,1
642,tmp,0
643,tmp,0
644,tmp,0
645,tmp,1
646,tmp,0
647,tmp,1
648,tmp,0
649,tmp,0
650,tmp,1
651,tmp,1
652,tmp,1
653,tmp,0
654,tmp,1
655,tmp,1
656,tmp,1
657,tmp,0
658,tmp,1
659,tmp,1
660,tmp,1
661,tmp,0
662,tmp,0
663,tmp,1
664,tmp,0
665,tmp,1
666,tmp,1
667,tmp,1
668,tmp,1
669,tmp,0
670,tmp,0
671,tmp,0
672,tmp,1
673,tmp,1
674,tmp,0
675,tmp,0
676,tmp,0
677,tmp,0
678,tmp,1
679,tmp,1
680,tmp,1
681,tmp,1
682,tmp,1
683,tmp,1
684,tmp,0
685,tmp,1
686,tmp,0
687,tmp,0
688,tmp,0
689,tmp,1
690,tmp,0
691,tmp,0
692,tmp,1
693,tmp,0
694,tmp,0
695,tmp,0
696,tmp,0
697,tmp,1
698,tmp,1
699,tmp,0
700,tmp,1
701,tmp,0
702,tmp,0
703,tmp,0
704,tmp,1
705,tmp,1
706,tmp,0
707,tmp,0
708,tmp,1
709,tmp,1
710,tmp,1
711,tmp,1
712,tmp,1
713,tmp,0
714,tmp,0
715,tmp,0
716,tmp,0
717,tmp,0
718,tmp,0
719,tmp,1
720,tmp,1
721,tmp,0
722,tmp,0
723,tmp,0
724,tmp,0
725,tmp,1
726,tmp,1
727,tmp,0
728,tmp,0
729,tmp,0
730,tmp,0
731,tmp,0
732,tmp,1
733,tmp,0
734,tmp,0
735,tmp,1
736,tmp,1
737,tmp,1
738,tmp,1
739,tmp,1
740,tmp,1
741,tmp,0
742,tmp,0
743,tmp,1
744,tmp,0
745,tmp,1
746,tmp,1
747,tmp,1
748,tmp,0
749,tmp,1
750,tmp,0
751,tmp,1
752,tmp,1
753,tmp,1
754,tmp,0
755,tmp,0
756,tmp,1
757,tmp,0
758,tmp,0
759,tmp,0
760,tmp,0
761,tmp,1
762,tmp,0
763,tmp,1
764,tmp,1
765,tmp,0
766,tmp,1
767,tmp,1
768,tmp,0
769,tmp,0
770,tmp,0
771,tmp,1
772,tmp,0
773,tmp,0
774,tmp,0
775,tmp,1
776,tmp,1
777,tmp,0
778,tmp,0
779,tmp,1
780,tmp,0
781,tmp,0
782,tmp,1
783,tmp,1
784,tmp,0
785,tmp,1
786,tmp,0
787,tmp,0
788,tmp,1
789,tmp,1
790,tmp,0
791,tmp,0
792,tmp,0
793,tmp,0
794,tmp,1
795,tmp,0
796,tmp,0
797,tmp,1
798,tmp,1
799,tmp,0
800,tmp,1
801,tmp,0
802,tmp,1
803,tmp,1
804,tmp,1
805,tmp,0
806,tmp,0
807,tmp,1
808,tmp,0
809,tmp,0
810,tmp,1
811,tmp,0
812,tmp,1
813,tmp,1
814,tmp,0
815,tmp,1
816,tmp,1
817,tmp,1
818,tmp,1
819,tmp,0
820,tmp,1
821,tmp,0
822,tmp,1
823,tmp,0
824,tmp,1
825,tmp,1
826,tmp,1
827,tmp,1
828,tmp,0
829,tmp,1
830,tmp,1
831,tmp,0
832,tmp,0
833,tmp,0
834,tmp,0
835,tmp,1
836,tmp,1
837,tmp,0
838,tmp,1
839,tmp,1
840,tmp,0
841,tmp,1
842,tmp,1
843,tmp,1
844,tmp,1
845,tmp,1
846,tmp,1
847,tmp,0
848,tmp,1
849,tmp,0
850,tmp,0
851,tmp,0
852,tmp,0
853,tmp,1
854,tmp,1
855,tmp,1
856,tmp,0
857,tmp,1
858,tmp,1
859,tmp,1
860,tmp,1
861,tmp,0
862,tmp,1
863,tmp,0
864,tmp,0
865,tmp,0
866,tmp,1
867,tmp,0
868,tmp,1
869,tmp,0
870,tmp,1
871,tmp,0
872,tmp,1
873,tmp,1
874,tmp,0
875,tmp,1
876,tmp,1
877,tmp,0
878,tmp,0
879,tmp,0
880,tmp,0
881,tmp,0
882,tmp,0
883,tmp,0
884,tmp,1
885,tmp,1
886,tmp,1
887,tmp,0
888,tmp,0
889,tmp,1
890,tmp,1
891,tmp,1
892,tmp,1
893,tmp,1
894,tmp,0
895,tmp,1
896,tmp,1
897,tmp,1
898,tmp,1
899,tmp,0
900,tmp,1
901,tmp,0
902,tmp,0
903,tmp,1
904,tmp,1
905,tmp,0
906,tmp,0
907,tmp,0
908,tmp,1
909,tmp,0
910,tmp,1
911,tmp,1
912,tmp,0
913,tmp,0
914,tmp,1
915,tmp,1
916,tmp,1
917,tmp,1
918,tmp,1
919,tmp,0
920,tmp,1
921,tmp,1
922,tmp,1
923,tmp,1
924,tmp,1
925,tmp,1
926,tmp,1
927,tmp,0
928,tmp,0
929,tmp,0
930,tmp,1
931,tmp,0
932,tmp,0
933,tmp,0
934,tmp,0
935,tmp,1
936,tmp,1
937,tmp,0
938,tmp,0
939,tmp,0
940,tmp,0
941,tmp,1
942,tmp,1
943,tmp,0
944,tmp,0
945,tmp,1
946,tmp,0
947,tmp,0
948,tmp,0
949,tmp,0
950,tmp,0
951,tmp,1
952,tmp,1
953,tmp,0
954,tmp,0
955,tmp,1
956,tmp,0
957,tmp,0
958,tmp,0
959,tmp,1
960,tmp,0
961,tmp,0
962,tmp,0
963,tmp,0
964,tmp,1
965,tmp,0
966,tmp,1
967,tmp,1
968,tmp,0
969,tmp,0
970,tmp,0
971,tmp,0
972,tmp,1
973,tmp,0
974,tmp,0
975,tmp,1
976,tmp,0
977,tmp,0
978,tmp,1
979,tmp,1
980,tmp,1
981,tmp,1
982,tmp,1
983,tmp,0
984,tmp,0
985,tmp,0
986,tmp,0
987,tmp,0
988,tmp,1
989,tmp,1
990,tmp,0
991,tmp,1
992,tmp,1
993,tmp,0
994,tmp,0
995,tmp,0
996,tmp,0
997,tmp,1
998,tmp,0
999,tmp,0
1000,tmp,1
1001,tmp,1
1002,tmp,0
1003,tmp,1
1004,tmp,0
1005,tmp,1
1006,tmp,0
1007,tmp,1
1008,tmp,1
1009,tmp,1
1010,tmp,0
1011,tmp,0
1012,tmp,0
1013,tmp,1
1014,tmp,1
1015,tmp,0
1016,tmp,1
1017,tmp,1
1018,tmp,1
1019,tmp,1
1020,tmp,1
1021,tmp,1
1022,tmp,1
1023,tmp,0
1024,tmp,0
1025,tmp,1
1026,tmp,1
1027,tmp,0
1028,tmp,0
1029,tmp,1
1030,tmp,1
1031,tmp,0
1032,tmp,0
1033,tmp,1
1034,tmp,1
1035,tmp,0
1036,tmp,0
1037,tmp,0
1038,tmp,1
1039,tmp,1
1040,tmp,1
1041,tmp,0
1042,tmp,0
1043,tmp,0
1044,tmp,1
1045,tmp,1
1046,tmp,1
1047,tmp,0
1048,tmp,0
1049,tmp,1
1050,tmp,1
1051,tmp,1
1052,tmp,0
1053,tmp,0
1054,tmp,1
1055,tmp,0
1056,tmp,0
1057,tmp,1
1058,tmp,1
1059,tmp,1
1060,tmp,1
1061,tmp,0
1062,tmp,1
1063,tmp,0
1064,tmp,0
1065,tmp,1
1066,tmp,1
1067,tmp,0
1068,tmp,1
1069,tmp,0
1070,tmp,1
1071,tmp,0
1072,tmp,0
1073,tmp,1
1074,tmp,1
1075,tmp,1
1076,tmp,1
1077,tmp,0
1078,tmp,1
1079,tmp,1
1080,tmp,0
1081,tmp,0
1082,tmp,0
1083,tmp,0
1084,tmp,1
1085,tmp,0
1086,tmp,1
1087,tmp,1
1088,tmp,1
1089,tmp,1
1090,tmp,1
1091,tmp,0
1092,tmp,1
1093,tmp,1
1094,tmp,0
1095,tmp,1
1096,tmp,0
1097,tmp,0
1098,tmp,0
1099,tmp,1
1100,tmp,0
1101,tmp,0
1102,tmp,0
1103,tmp,0
1104,tmp,1
1105,tmp,0
1106,tmp,0
1107,tmp,0
1108,tmp,1
1109,tmp,1
1110,tmp,0
1111,tmp,1
1112,tmp,0
1113,tmp,0
1114,tmp,0
1115,tmp,1
1116,tmp,1
1117,tmp,0
1118,tmp,0
1119,tmp,1
1120,tmp,0
1121,tmp,1
1122,tmp,0
1123,tmp,1
1124,tmp,0
1125,tmp,1
1126,tmp,0
1127,tmp,0
1128,tmp,0
1129,tmp,1
1130,tmp,0
1131,tmp,1
1132,tmp,0
1133,tmp,1
1134,tmp,1
1135,tmp,1
1136,tmp,1
1137,tmp,1
1138,tmp,1
1139,tmp,0
1140,tmp,0
1141,tmp,0
1142,tmp,1
1143,tmp,1
1144,tmp,0
1145,tmp,1
1146,tmp,0
1147,tmp,0
1148,tmp,1
1149,tmp,0
1150,tmp,1
1151,tmp,1
1152,tmp,0
1153,tmp,1
1154,tmp,1
1155,tmp,1
1156,tmp,0
1157,tmp,0
1158,tmp,1
1159,tmp,1
1160,tmp,1
1161,tmp,0
1162,tmp,0
1163,tmp,1
1164,tmp,0
1165,tmp,1
1166,tmp,0
1167,tmp,0
1168,tmp,0
1169,tmp,1
1170,tmp,0
1171,tmp,1
1172,tmp,0
1173,tmp,0
1174,tmp,1
1175,tmp,0
1176,tmp,0
1177,tmp,0
1178,tmp,0
1179,tmp,1
1180,tmp,1
1181,tmp,0
1182,tmp,0
1183,tmp,1
1184,tmp,1
1185,tmp,1
1186,tmp,0
1187,tmp,0
1188,tmp,0
1189,tmp,0
1190,tmp,1
1191,tmp,1
1192,tmp,0
1193,tmp,0
1194,tmp,0
1195,tmp,1
1196,tmp,0
1197,tmp,0
1198,tmp,0
1199,tmp,1
1200,tmp,0
1201,tmp,0
1202,tmp,1
1203,tmp,0
1204,tmp,0
1205,tmp,1
1206,tmp,1
1207,tmp,0
1208,tmp,1
1209,tmp,0
1210,tmp,0
1211,tmp,1
1212,tmp,0
1213,tmp,0
1214,tmp,1
1215,tmp,0
1216,tmp,1
1217,tmp,1
1218,tmp,0
1219,tmp,0
1220,tmp,0
1221,tmp,0
1222,tmp,0
1223,tmp,0
1224,tmp,1
1225,tmp,1
1226,tmp,1
1227,tmp,0
1228,tmp,1
1229,tmp,0
1230,tmp,0
1231,tmp,1
1232,tmp,1
1233,tmp,0
1234,tmp,1
1235,tmp,0
1236,tmp,0
1237,tmp,0
1238,tmp,1
1239,tmp,1
1240,tmp,1
1241,tmp,0
1242,tmp,0
1243,tmp,1
1244,tmp,0
1245,tmp,1
1246,tmp,0
1247,tmp,0
1248,tmp,0
1249,tmp,0
1250,tmp,0
1251,tmp,0
1252,tmp,1
1253,tmp,1
1254,tmp,1
1255,tmp,0
1256,tmp,0
1257,tmp,0
1258,tmp,0
1259,tmp,1
1260,tmp,0
1261,tmp,0
1262,tmp,0
1263,tmp,1
1264,tmp,0
1265,tmp,0
1266,tmp,1
1267,tmp,1
1268,tmp,1
1269,tmp,1
1270,tmp,1
1271,tmp,0
1272,tmp,0
1273,tmp,0
1274,tmp,1
1275,tmp,1
1276,tmp,0
1277,tmp,1
1278,tmp,1
1279,tmp,1
1280,tmp,0
1281,tmp,1
1282,tmp,0
1283,tmp,1
1284,tmp,0
1285,tmp,0
1286,tmp,0
1287,tmp,0
1288,tmp,0
1289,tmp,0
1290,tmp,1
1291,tmp,1
1292,tmp,1
1293,tmp,1
1294,tmp,0
1295,tmp,1
1296,tmp,1
1297,tmp,0
1298,tmp,1
1299,tmp,1
1300,tmp,0
1301,tmp,1
1302,tmp,1
1303,tmp,1
1304,tmp,0
1305,tmp,0
1306,tmp,0
1307,tmp,1
1308,tmp,0
1309,tmp,1
1310,tmp,1
1311,tmp,0
1312,tmp,0
1313,tmp,0
1314,tmp,1
1315,tmp,0
1316,tmp,0
1317,tmp,0
1318,tmp,1
1319,tmp,1
1320,tmp,0
1321,tmp,1
1322,tmp,1
1323,tmp,0
1324,tmp,1
1325,tmp,0
1326,tmp,0
1327,tmp,0
1328,tmp,0
1329,tmp,1
1330,tmp,1
1331,tmp,0
1332,tmp,1
1333,tmp,1
1334,tmp,0
1335,tmp,0
1336,tmp,0
1337,tmp,0
1338,tmp,0
1339,tmp,1
1340,tmp,1
1341,tmp,1
1342,tmp,1
1343,tmp,0
1344,tmp,1
1345,tmp,1
1346,tmp,0
1347,tmp,1
1348,tmp,1
1349,tmp,0
1350,tmp,1
1351,tmp,1
1352,tmp,1
1353,tmp,1
1354,tmp,1
1355,tmp,0
1356,tmp,0
1357,tmp,1
1358,tmp,0
1359,tmp,1
1360,tmp,1
1361,tmp,1
1362,tmp,0
1363,tmp,1
1364,tmp,1
1365,tmp,1
1366,tmp,1
1367,tmp,1
1368,tmp,0
1369,tmp,1
1370,tmp,1
1371,tmp,0
1372,tmp,1
1373,tmp,0
1374,tmp,0
1375,tmp,0
1376,tmp,0
1377,tmp,1
1378,tmp,0
1379,tmp,0
1380,tmp,0
1381,tmp,0
1382,tmp,0
1383,tmp,1
1384,tmp,1
1385,tmp,1
1386,tmp,1
1387,tmp,1
1388,tmp,0
1389,tmp,0
1390,tmp,1
1391,tmp,1
1392,tmp,1
1393,tmp,1
1394,tmp,1
1395,tmp,1
1396,tmp,1
1397,tmp,1
1398,tmp,0
1399,tmp,0
1400,tmp,0
1401,tmp,0
1402,tmp,1
1403,tmp,0
1404,tmp,1
1405,tmp,0
1406,tmp,1
1407,tmp,1
1408,tmp,1
1409,tmp,1
1410,tmp,1
1411,tmp,1
1412,tmp,0
1413,tmp,1
1414,tmp,1
1415,tmp,0
1416,tmp,1
1417,tmp,0
1418,tmp,0
1419,tmp,0
1420,tmp,0
1421,tmp,0
1422,tmp,0
1423,tmp,1
1424,tmp,0
1425,tmp,1
1426,tmp,1
1427,tmp,1
1428,tmp,1
1429,tmp,0
1430,tmp,0
1431,tmp,1
1432,tmp,1
1433,tmp,0
1434,tmp,1
1435,tmp,1
1436,tmp,1
1437,tmp,0
1438,tmp,0
1439,tmp,0
1440,tmp,1
1441,tmp,0
1442,tmp,1
1443,tmp,0
1444,tmp,0
1445,tmp,1
1446,tmp,0
1447,tmp,0
1448,tmp,0
1449,tmp,1
1450,tmp,1
1451,tmp,1
1452,tmp,1
1453,tmp,1
1454,tmp,1
1455,tmp,1
1456,tmp,1
1457,tmp,0
1458,tmp,1
1459,tmp,1
1460,tmp,0
1461,tmp,0
1462,tmp,1
1463,tmp,0
1464,tmp,1
1465,tmp,0
1466,tmp,1
1467,tmp,0
1468,tmp,0
1469,tmp,0
1470,tmp,0
1471,tmp,1
1472,tmp,0
1473,tmp,0
1474,tmp,1
1475,tmp,0
1476,tmp,0
1477,tmp,1
1478,tmp,0
1479,tmp,0
1480,tmp,0
1481,tmp,0
1482,tmp,0
1483,tmp,0
1484,tmp,1
1485,tmp,1
1486,tmp,0
1487,tmp,0
1488,tmp,1
1489,tmp,0
1490,tmp,1
1491,tmp,0
1492,tmp,1
1493,tmp,0
1494,tmp,1
1495,tmp,0
1496,tmp,1
1497,tmp,1
1498,tmp,0
1499,tmp,1
1500,tmp,1
1501,tmp,1
1502,tmp,0
1503,tmp,0
1504,tmp,1
1505,tmp,1
1506,tmp,1
1507,tmp,1
1508,tmp,0
1509,tmp,0
1510,tmp,1
1511,tmp,1
1512,tmp,1
1513,tmp,0
1514,tmp,1
1515,tmp,1
1516,tmp,1
1517,tmp,0
1518,tmp,1
1519,tmp,1
1520,tmp,0
1521,tmp,1
1522,tmp,0
1523,tmp,0
1524,tmp,1
1525,tmp,1
1526,tmp,1
1527,tmp,0
1528,tmp,1
1529,tmp,1
1530,tmp,0
1531,tmp,1
1532,tmp,0
1533,tmp,1
1534,tmp,1
1535,tmp,0
1536,tmp,0
1537,tmp,0
1538,tmp,0
1539,tmp,0
1540,tmp,0
1541,tmp,1
1542,tmp,1
1543,tmp,0
1544,tmp,1
1545,tmp,0
1546,tmp,1
1547,tmp,0
1548,tmp,1
1549,tmp,0
1550,tmp,0
1551,tmp,0
1552,tmp,1
1553,tmp,0
1554,tmp,1
1555,tmp,0
1556,tmp,0
1557,tmp,0
1558,tmp,1
1559,tmp,0
1560,tmp,0
1561,tmp,0
1562,tmp,0
1563,tmp,1
1564,tmp,0
1565,tmp,1
1566,tmp,0
1567,tmp,1
1568,tmp,0
1569,tmp,1
1570,tmp,1
1571,tmp,0
1572,tmp,1
1573,tmp,0
1574,tmp,1
1575,tmp,1
1576,tmp,1
1577,tmp,0
1578,tmp,1
1579,tmp,1
1580,tmp,1
1581,tmp,0
1582,tmp,1
1583,tmp,1
1584,tmp,1
1585,tmp,1
1586,tmp,0
1587,tmp,1
1588,tmp,1
1589,tmp,1
1590,tmp,0
1591,tmp,0
1592,tmp,0
1593,tmp,0
1594,tmp,0
1595,tmp,0
1596,tmp,1
1597,tmp,1
1598,tmp,1
1599,tmp,1
1600,tmp,1
1601,tmp,1
1602,tmp,0
1603,tmp,1
1604,tmp,0
1605,tmp,1
1606,tmp,0
1607,tmp,1
1608,tmp,0
1609,tmp,0
1610,tmp,1
1611,tmp,0
1612,tmp,1
1613,tmp,0
1614,tmp,0
1615,tmp,0
1616,tmp,0
1617,tmp,1
1618,tmp,1
1619,tmp,0
1620,tmp,1
1621,tmp,0
1622,tmp,0
1623,tmp,0
1624,tmp,0
1625,tmp,0
1626,tmp,0
1627,tmp,1
1628,tmp,0
1629,tmp,1
1630,tmp,1
1631,tmp,0
1632,tmp,1
1633,tmp,1
1634,tmp,0
1635,tmp,1
1636,tmp,0
1637,tmp,0
1638,tmp,0
1639,tmp,1
1640,tmp,1
1641,tmp,1
1642,tmp,0
1643,tmp,0
1644,tmp,1
1645,tmp,0
1646,tmp,0
1647,tmp,1
1648,tmp,0
1649,tmp,1
1650,tmp,0
1651,tmp,1
1652,tmp,0
1653,tmp,0
1654,tmp,1
1655,tmp,0
1656,tmp,0
1657,tmp,1
1658,tmp,0
1659,tmp,1
1660,tmp,1
1661,tmp,0
1662,tmp,1
1663,tmp,1
1664,tmp,0
1665,tmp,0
1666,tmp,0
1667,tmp,0
1668,tmp,0
1669,tmp,0
1670,tmp,0
1671,tmp,1
1672,tmp,1
1673,tmp,0
1674,tmp,0
1675,tmp,0
1676,tmp,0
1677,tmp,0
1678,tmp,0
1679,tmp,0
1680,tmp,1
1681,tmp,0
1682,tmp,0
1683,tmp,0
1684,tmp,0
1685,tmp,1
1686,tmp,1
1687,tmp,1
1688,tmp,1
1689,tmp,0
1690,tmp,1
1691,tmp,0
1692,tmp,0
1693,tmp,0
1694,tmp,1
1695,tmp,1
1696,tmp,0
1697,tmp,0
1698,tmp,0
1699,tmp,1
1700,tmp,0
1701,tmp,1
1702,tmp,0
1703,tmp,1
1704,tmp,1
1705,tmp,1
1706,tmp,1
1707,tmp,1
1708,tmp,1
1709,tmp,1
1710,tmp,0
1711,tmp,1
1712,tmp,1
1713,tmp,0
1714,tmp,0
1715,tmp,0
1716,tmp,1
1717,tmp,0
1718,tmp,0
1719,tmp,1
1720,tmp,0
1721,tmp,1
1722,tmp,0
1723,tmp,0
1724,tmp,1
1725,tmp,0
1726,tmp,1
1727,tmp,1
1728,tmp,1
1729,tmp,0
1730,tmp,0
1731,tmp,0
1732,tmp,1
1733,tmp,1
1734,tmp,0
1735,tmp,1
1736,tmp,0
1737,tmp,1
1738,tmp,1
1739,tmp,0
1740,tmp,0
1741,tmp,0
1742,tmp,1
1743,tmp,1
1744,tmp,0
1745,tmp,1
1746,tmp,0
1747,tmp,0
1748,tmp,0
1749,tmp,1
1750,tmp,1
1751,tmp,0
1752,tmp,0
1753,tmp,1
1754,tmp,0
1755,tmp,0
1756,tmp,0
1757,tmp,1
1758,tmp,0
1759,tmp,1
1760,tmp,1
1761,tmp,1
1762,tmp,0
1763,tmp,1
1764,tmp,0
1765,tmp,1
1766,tmp,1
1767,tmp,0
1768,tmp,0
1769,tmp,0
1770,tmp,0
1771,tmp,0
1772,tmp,1
1773,tmp,1
1774,tmp,1
1775,tmp,0
1776,tmp,0
1777,tmp,1
1778,tmp,0
1779,tmp,0
1780,tmp,1
1781,tmp,0
1782,tmp,0
1783,tmp,1
1784,tmp,0
1785,tmp,1
1786,tmp,1
1787,tmp,0
1788,tmp,1
1789,tmp,1
1790,tmp,1
1791,tmp,0
1792,tmp,1
1793,tmp,0
1794,tmp,0
1795,tmp,1
1796,tmp,0
1797,tmp,0
1798,tmp,1
1799,tmp,1
1800,tmp,0
1801,tmp,1
1802,tmp,1
1803,tmp,1
1804,tmp,0
1805,tmp,1
1806,tmp,0
1807,tmp,0
1808,tmp,0
1809,tmp,1
1810,tmp,1
1811,tmp,1
1812,tmp,1
1813,tmp,1
1814,tmp,0
1815,tmp,1
1816,tmp,0
1817,tmp,1
1818,tmp,0
1819,tmp,1
1820,tmp,0
1821,tmp,0
1822,tmp,0
1823,tmp,1
1824,tmp,0
1825,tmp,0
1826,tmp,0
1827,tmp,1
1828,tmp,1
1829,tmp,1
1830,tmp,0
1831,tmp,1
1832,tmp,0
1833,tmp,1
1834,tmp,1
1835,tmp,1
1836,tmp,0
1837,tmp,1
1838,tmp,0
1839,tmp,0
1840,tmp,0
1841,tmp,1
1842,tmp,1
1843,tmp,0
1844,tmp,0
1845,tmp,1
1846,tmp,1
1847,tmp,1
1848,tmp,0
1849,tmp,0
1850,tmp,0
1851,tmp,0
1852,tmp,1
1853,tmp,1
1854,tmp,0
1855,tmp,1
1856,tmp,0
1857,tmp,0
1858,tmp,0
1859,tmp,1
1860,tmp,0
1861,tmp,1
1862,tmp,0
1863,tmp,1
1864,tmp,0
1865,tmp,0
1866,tmp,1
1867,tmp,1
1868,tmp,1
1869,tmp,1
1870,tmp,1
1871,tmp,0
1872,tmp,0
1873,tmp,0
1874,tmp,1
1875,tmp,0
1876,tmp,0
1877,tmp,0
1878,tmp,1
1879,tmp,1
1880,tmp,1
1881,tmp,0
1882,tmp,1
1883,tmp,0
1884,tmp,1
1885,tmp,1
1886,tmp,0
1887,tmp,1
1888,tmp,0
1889,tmp,1
1890,tmp,1
1891,tmp,0
1892,tmp,0
1893,tmp,1
1894,tmp,0
1895,tmp,1
1896,tmp,0
1897,tmp,0
1898,tmp,1
1899,tmp,0
1900,tmp,0
1901,tmp,1
1902,tmp,1
1903,tmp,1
1904,tmp,0
1905,tmp,0
1906,tmp,0
1907,tmp,0
1908,tmp,0
1909,tmp,0
1910,tmp,1
1911,tmp,1
1912,tmp,0
1913,tmp,1
1914,tmp,0
1915,tmp,0
1916,tmp,1
1917,tmp,0
1918,tmp,1
1919,tmp,0
1920,tmp,1
1921,tmp,0
1922,tmp,0
1923,tmp,0
1924,tmp,1
1925,tmp,1
1926,tmp,0
1927,tmp,1
1928,tmp,1
1929,tmp,0
1930,tmp,1
1931,tmp,1
1932,tmp,0
1933,tmp,1
1934,tmp,0
1935,tmp,0
1936,tmp,0
1937,tmp,0
1938,tmp,0
1939,tmp,1
1940,tmp,0
1941,tmp,1
1942,tmp,0
1943,tmp,0
1944,tmp,0
1945,tmp,0
1946,tmp,1
1947,tmp,1
1948,tmp,0
1949,tmp,0
1950,tmp,0
1951,tmp,0
1952,tmp,0
1953,tmp,1
1954,tmp,1
1955,tmp,1
1956,tmp,0
1957,tmp,1
1958,tmp,0
1959,tmp,0
1960,tmp,0
1961,tmp,0
1962,tmp,0
1963,tmp,1
1964,tmp,1
1965,tmp,0
1966,tmp,0
1967,tmp,1
1968,tmp,1
1969,tmp,0
1970,tmp,1
1971,tmp,1
1972,tmp,1
1973,tmp,1
1974,tmp,1
1975,tmp,1
1976,tmp,1
1977,tmp,0
1978,tmp,0
1979,tmp,0
1980,tmp,1
1981,tmp,0
1982,tmp,1
1983,tmp,0
1984,tmp,1
1985,tmp,0
1986,tmp,1
1987,tmp,0
1988,tmp,1
1989,tmp,1
1990,tmp,0
1991,tmp,0
1992,tmp,0
1993,tmp,1
1994,tmp,1
1995,tmp,0
1996,tmp,1
1997,tmp,1
1998,tmp,1
1999,tmp,1
